train_start,train_end,test_start,test_end,model_type,clf,parameters,auc-roc,baseline_at_1,baseline_at_2,baseline_at_5,baseline_at_10,baseline_at_20,baseline_at_30,baseline_at_50,accuracy_at_1,accuracy_at_2,accuracy_at_5,accuracy_at_10,accuracy_at_20,accuracy_at_30,accuracy_at_50,precision_at_1,precision_at_2,precision_at_5,precision_at_10,precision_at_20,precision_at_30,precision_at_50,recall_at_1,recall_at_2,recall_at_5,recall_at_10,recall_at_20,recall_at_30,recall_at_50
2012-01-01,2012-11-02,2013-01-01,2013-07-01,DT,"DecisionTreeClassifier(class_weight=None, criterion='gini', max_depth=100,
            max_features=None, max_leaf_nodes=None,
            min_impurity_decrease=0.0, min_impurity_split=None,
            min_samples_leaf=1, min_samples_split=10,
            min_weight_fraction_leaf=0.0, presort=False, random_state=None,
            splitter='best')","{'criterion': 'gini', 'max_depth': 1, 'min_samples_split': 2}",0.6127982808003225,0.004608294930875576,0.002304147465437788,0.0009216589861751152,0.0004608294930875576,0.29163787145818937,0.3568796068796069,0.61411591265088,0.6741143409959921,0.6641175657621965,0.6341272400608099,0.5841433638918321,0.4841295434652416,0.4839913391993366,0.63624637213802,0.0,0.0,0.0,0.0,0.0,0.16646191646191646,0.45213305076937255,0.0,0.0,0.0,0.0,0.0,0.1580866268047251,0.7156190753974041
2012-01-01,2012-11-02,2013-01-01,2013-07-01,DT,"DecisionTreeClassifier(class_weight=None, criterion='gini', max_depth=100,
            max_features=None, max_leaf_nodes=None,
            min_impurity_decrease=0.0, min_impurity_split=None,
            min_samples_leaf=1, min_samples_split=10,
            min_weight_fraction_leaf=0.0, presort=False, random_state=None,
            splitter='best')","{'criterion': 'gini', 'max_depth': 1, 'min_samples_split': 5}",0.6105479912144635,0.004608294930875576,0.002304147465437788,0.0009216589861751152,0.0004608294930875576,0.29163787145818937,0.3568796068796069,0.61411591265088,0.6741143409959921,0.6641175657621965,0.6341272400608099,0.5841433638918321,0.4841295434652416,0.4839913391993366,0.6824987331275625,0.0,0.0,0.0,0.0,0.0,0.16646191646191646,0.49838754261494517,0.0,0.0,0.0,0.0,0.0,0.1580866268047251,0.7888289339361236
2012-01-01,2012-11-02,2013-01-01,2013-07-01,DT,"DecisionTreeClassifier(class_weight=None, criterion='gini', max_depth=100,
            max_features=None, max_leaf_nodes=None,
            min_impurity_decrease=0.0, min_impurity_split=None,
            min_samples_leaf=1, min_samples_split=10,
            min_weight_fraction_leaf=0.0, presort=False, random_state=None,
            splitter='best')","{'criterion': 'gini', 'max_depth': 1, 'min_samples_split': 10}",0.6127982808003225,0.004608294930875576,0.002304147465437788,0.0009216589861751152,0.0004608294930875576,0.29163787145818937,0.3568796068796069,0.61411591265088,0.6741143409959921,0.6641175657621965,0.6341272400608099,0.5841433638918321,0.4841295434652416,0.4839913391993366,0.63624637213802,0.0,0.0,0.0,0.0,0.0,0.16646191646191646,0.45213305076937255,0.0,0.0,0.0,0.0,0.0,0.1580866268047251,0.7156190753974041
2012-01-01,2012-11-02,2013-01-01,2013-07-01,DT,"DecisionTreeClassifier(class_weight=None, criterion='gini', max_depth=100,
            max_features=None, max_leaf_nodes=None,
            min_impurity_decrease=0.0, min_impurity_split=None,
            min_samples_leaf=1, min_samples_split=10,
            min_weight_fraction_leaf=0.0, presort=False, random_state=None,
            splitter='best')","{'criterion': 'gini', 'max_depth': 5, 'min_samples_split': 2}",0.6658670414219489,0.004608294930875576,0.002304147465437788,0.0009216589861751152,0.0004608294930875576,0.29163787145818937,0.3568796068796069,0.61411591265088,0.6768784263140922,0.6804256691389874,0.6504353434376008,0.600451467268623,0.6517252499193809,0.6529690883125259,0.6139494172386788,0.1382488479262673,0.4078341013824885,0.1631336405529954,0.0815668202764977,0.41902787376180606,0.4480958230958231,0.4298350686446144,0.004375091147732244,0.02581303777162024,0.02581303777162024,0.02581303777162024,0.2652763599241651,0.4255505323027563,0.680326673472364
2012-01-01,2012-11-02,2013-01-01,2013-07-01,DT,"DecisionTreeClassifier(class_weight=None, criterion='gini', max_depth=100,
            max_features=None, max_leaf_nodes=None,
            min_impurity_decrease=0.0, min_impurity_split=None,
            min_samples_leaf=1, min_samples_split=10,
            min_weight_fraction_leaf=0.0, presort=False, random_state=None,
            splitter='best')","{'criterion': 'gini', 'max_depth': 5, 'min_samples_split': 5}",0.6653215250065185,0.004608294930875576,0.002304147465437788,0.0009216589861751152,0.0004608294930875576,0.29163787145818937,0.3568796068796069,0.61411591265088,0.6768784263140922,0.6804256691389874,0.6504353434376008,0.600451467268623,0.6507117519694108,0.6514949094762058,0.6139494172386788,0.1382488479262673,0.4078341013824885,0.1631336405529954,0.0815668202764977,0.4164938954158028,0.44563882063882065,0.4298350686446144,0.004375091147732244,0.02581303777162024,0.02581303777162024,0.02581303777162024,0.26367215983666326,0.4232171503572991,0.680326673472364
2012-01-01,2012-11-02,2013-01-01,2013-07-01,DT,"DecisionTreeClassifier(class_weight=None, criterion='gini', max_depth=100,
            max_features=None, max_leaf_nodes=None,
            min_impurity_decrease=0.0, min_impurity_split=None,
            min_samples_leaf=1, min_samples_split=10,
            min_weight_fraction_leaf=0.0, presort=False, random_state=None,
            splitter='best')","{'criterion': 'gini', 'max_depth': 5, 'min_samples_split': 10}",0.6654197067657766,0.004608294930875576,0.002304147465437788,0.0009216589861751152,0.0004608294930875576,0.29163787145818937,0.3568796068796069,0.61411591265088,0.6768784263140922,0.6804256691389874,0.6504353434376008,0.600451467268623,0.6517252499193809,0.6529690883125259,0.6139494172386788,0.1382488479262673,0.4078341013824885,0.1631336405529954,0.0815668202764977,0.41902787376180606,0.4480958230958231,0.4298350686446144,0.004375091147732244,0.02581303777162024,0.02581303777162024,0.02581303777162024,0.2652763599241651,0.4255505323027563,0.680326673472364
2012-01-01,2012-11-02,2013-01-01,2013-07-01,DT,"DecisionTreeClassifier(class_weight=None, criterion='gini', max_depth=100,
            max_features=None, max_leaf_nodes=None,
            min_impurity_decrease=0.0, min_impurity_split=None,
            min_samples_leaf=1, min_samples_split=10,
            min_weight_fraction_leaf=0.0, presort=False, random_state=None,
            splitter='best')","{'criterion': 'gini', 'max_depth': 10, 'min_samples_split': 2}",0.6460113948782463,0.004608294930875576,0.002304147465437788,0.0009216589861751152,0.0004608294930875576,0.29163787145818937,0.3568796068796069,0.61411591265088,0.6757727921868522,0.6761874049845672,0.673745796286912,0.6579444418851061,0.6632422720781315,0.6454139217763855,0.5981941309255079,0.08294930875576037,0.30184331797235026,0.39631336405529954,0.36912442396313366,0.44782308223911543,0.4355036855036855,0.4140790564820787,0.002625054688639347,0.019104564678430802,0.06270963978416216,0.11681493364445093,0.28350590637304945,0.4135919498322882,0.6553886539302902
2012-01-01,2012-11-02,2013-01-01,2013-07-01,DT,"DecisionTreeClassifier(class_weight=None, criterion='gini', max_depth=100,
            max_features=None, max_leaf_nodes=None,
            min_impurity_decrease=0.0, min_impurity_split=None,
            min_samples_leaf=1, min_samples_split=10,
            min_weight_fraction_leaf=0.0, presort=False, random_state=None,
            splitter='best')","{'criterion': 'gini', 'max_depth': 10, 'min_samples_split': 5}",0.6406390481058704,0.004608294930875576,0.002304147465437788,0.0009216589861751152,0.0004608294930875576,0.29163787145818937,0.3568796068796069,0.61411591265088,0.6742064771732621,0.6731469111346571,0.6638872253190216,0.6640254295849265,0.6482240751831206,0.6426498364582853,0.6090661998433685,0.004608294930875576,0.22580645161290322,0.2976958525345622,0.39953917050691246,0.410274130384704,0.4308968058968059,0.42495162627844835,0.00014583637159107482,0.014291964415925331,0.047105148023917166,0.12644013416946187,0.25973457780370424,0.40921685868455593,0.6725973457780371
2012-01-01,2012-11-02,2013-01-01,2013-07-01,DT,"DecisionTreeClassifier(class_weight=None, criterion='gini', max_depth=100,
            max_features=None, max_leaf_nodes=None,
            min_impurity_decrease=0.0, min_impurity_split=None,
            min_samples_leaf=1, min_samples_split=10,
            min_weight_fraction_leaf=0.0, presort=False, random_state=None,
            splitter='best')","{'criterion': 'gini', 'max_depth': 10, 'min_samples_split': 10}",0.6439894987991824,0.004608294930875576,0.002304147465437788,0.0009216589861751152,0.0004608294930875576,0.29163787145818937,0.3568796068796069,0.61411591265088,0.6802874648730824,0.6783986732390473,0.673469387755102,0.6612613442668264,0.6657299488644216,0.6385037084811351,0.599023356520938,0.3087557603686636,0.35714285714285715,0.3935483870967742,0.38571428571428573,0.4540428472702142,0.4239864864864865,0.4149083202801069,0.009771036896602012,0.022604637596616597,0.06227213066938895,0.12206504302172962,0.2874434884060085,0.4026542219629576,0.6567011812746099
2012-01-01,2012-11-02,2013-01-01,2013-07-01,DT,"DecisionTreeClassifier(class_weight=None, criterion='gini', max_depth=100,
            max_features=None, max_leaf_nodes=None,
            min_impurity_decrease=0.0, min_impurity_split=None,
            min_samples_leaf=1, min_samples_split=10,
            min_weight_fraction_leaf=0.0, presort=False, random_state=None,
            splitter='best')","{'criterion': 'gini', 'max_depth': 20, 'min_samples_split': 2}",0.5709227023037727,0.004608294930875576,0.002304147465437788,0.0009216589861751152,0.0004608294930875576,0.29163787145818937,0.3568796068796069,0.61411591265088,0.6742064771732621,0.6642097019394665,0.6342193762380799,0.6029391440549131,0.6309024738563597,0.616851706822684,0.562353157967476,0.004608294930875576,0.002304147465437788,0.0009216589861751152,0.09400921658986175,0.3669661368348307,0.3878992628992629,0.37823643232286003,0.00014583637159107482,0.00014583637159107482,0.00014583637159107482,0.029750619804579263,0.23231733994458217,0.368382674639055,0.5986583053813621
2012-01-01,2012-11-02,2013-01-01,2013-07-01,DT,"DecisionTreeClassifier(class_weight=None, criterion='gini', max_depth=100,
            max_features=None, max_leaf_nodes=None,
            min_impurity_decrease=0.0, min_impurity_split=None,
            min_samples_leaf=1, min_samples_split=10,
            min_weight_fraction_leaf=0.0, presort=False, random_state=None,
            splitter='best')","{'criterion': 'gini', 'max_depth': 20, 'min_samples_split': 5}",0.560061393675219,0.004608294930875576,0.002304147465437788,0.0009216589861751152,0.0004608294930875576,0.29163787145818937,0.3568796068796069,0.61411591265088,0.6742064771732621,0.6642097019394665,0.6342193762380799,0.6301193163495646,0.6303496567927397,0.5962132031142028,0.5539687658359055,0.004608294930875576,0.002304147465437788,0.0009216589861751152,0.22995391705069124,0.3655839668279198,0.3535012285012285,0.36985165392057495,0.00014583637159107482,0.00014583637159107482,0.00014583637159107482,0.07277234942394634,0.23144232171503573,0.3357153274026542,0.5853871955665743
2012-01-01,2012-11-02,2013-01-01,2013-07-01,DT,"DecisionTreeClassifier(class_weight=None, criterion='gini', max_depth=100,
            max_features=None, max_leaf_nodes=None,
            min_impurity_decrease=0.0, min_impurity_split=None,
            min_samples_leaf=1, min_samples_split=10,
            min_weight_fraction_leaf=0.0, presort=False, random_state=None,
            splitter='best')","{'criterion': 'gini', 'max_depth': 20, 'min_samples_split': 10}",0.5863048746175478,0.004608294930875576,0.002304147465437788,0.0009216589861751152,0.0004608294930875576,0.29163787145818937,0.3568796068796069,0.61411591265088,0.6742064771732621,0.6642097019394665,0.6481319390058506,0.6687243746256968,0.6483162113603906,0.619247247431704,0.5653015156401161,0.004608294930875576,0.002304147465437788,0.1400921658986175,0.42304147465437786,0.4105044920525225,0.3918918918918919,0.3811849258269603,0.00014583637159107482,0.00014583637159107482,0.022167128481843372,0.1338777891206067,0.25988041417529534,0.3721744203004229,0.6033250692722765
2012-01-01,2012-11-02,2013-01-01,2013-07-01,DT,"DecisionTreeClassifier(class_weight=None, criterion='gini', max_depth=100,
            max_features=None, max_leaf_nodes=None,
            min_impurity_decrease=0.0, min_impurity_split=None,
            min_samples_leaf=1, min_samples_split=10,
            min_weight_fraction_leaf=0.0, presort=False, random_state=None,
            splitter='best')","{'criterion': 'gini', 'max_depth': 50, 'min_samples_split': 2}",0.5415415641024508,0.004608294930875576,0.002304147465437788,0.0009216589861751152,0.0004608294930875576,0.29163787145818937,0.3568796068796069,0.61411591265088,0.6742064771732621,0.6642097019394665,0.6342193762380799,0.5842355000691022,0.5533238125950154,0.5705993458331414,0.7618279817570369,0.004608294930875576,0.002304147465437788,0.0009216589861751152,0.0004608294930875576,0.17300161253167473,0.3108108108108108,0.5777204459596424,0.00014583637159107482,0.00014583637159107482,0.00014583637159107482,0.00014583637159107482,0.10952311506489719,0.2951728161003354,0.9143940498760391
2012-01-01,2012-11-02,2013-01-01,2013-07-01,DT,"DecisionTreeClassifier(class_weight=None, criterion='gini', max_depth=100,
            max_features=None, max_leaf_nodes=None,
            min_impurity_decrease=0.0, min_impurity_split=None,
            min_samples_leaf=1, min_samples_split=10,
            min_weight_fraction_leaf=0.0, presort=False, random_state=None,
            splitter='best')","{'criterion': 'gini', 'max_depth': 50, 'min_samples_split': 5}",0.5475599856422374,0.004608294930875576,0.002304147465437788,0.0009216589861751152,0.0004608294930875576,0.29163787145818937,0.3568796068796069,0.61411591265088,0.6742064771732621,0.6642097019394665,0.6342193762380799,0.5842355000691022,0.6125673745796287,0.6057953655502833,0.6984382917952734,0.004608294930875576,0.002304147465437788,0.0009216589861751152,0.0004608294930875576,0.3211241649389542,0.36947174447174447,0.5143278356214871,0.00014583637159107482,0.00014583637159107482,0.00014583637159107482,0.00014583637159107482,0.2032959019979583,0.350882310048126,0.8140586262213796
2012-01-01,2012-11-02,2013-01-01,2013-07-01,DT,"DecisionTreeClassifier(class_weight=None, criterion='gini', max_depth=100,
            max_features=None, max_leaf_nodes=None,
            min_impurity_decrease=0.0, min_impurity_split=None,
            min_samples_leaf=1, min_samples_split=10,
            min_weight_fraction_leaf=0.0, presort=False, random_state=None,
            splitter='best')","{'criterion': 'gini', 'max_depth': 50, 'min_samples_split': 10}",0.5515971390537527,0.004608294930875576,0.002304147465437788,0.0009216589861751152,0.0004608294930875576,0.29163787145818937,0.3568796068796069,0.61411591265088,0.6742064771732621,0.6642097019394665,0.6342193762380799,0.6140876215045837,0.6407610448242502,0.6078223614502234,0.5559957617358455,0.004608294930875576,0.002304147465437788,0.0009216589861751152,0.1497695852534562,0.3916148352914075,0.37285012285012287,0.37187874320464387,0.00014583637159107482,0.00014583637159107482,0.00014583637159107482,0.047396820767099314,0.24792183170482718,0.35409071022312966,0.5885955957415779
2012-01-01,2012-11-02,2013-01-01,2013-07-01,DT,"DecisionTreeClassifier(class_weight=None, criterion='gini', max_depth=100,
            max_features=None, max_leaf_nodes=None,
            min_impurity_decrease=0.0, min_impurity_split=None,
            min_samples_leaf=1, min_samples_split=10,
            min_weight_fraction_leaf=0.0, presort=False, random_state=None,
            splitter='best')","{'criterion': 'gini', 'max_depth': 100, 'min_samples_split': 2}",0.5407362183401269,0.004608294930875576,0.002304147465437788,0.0009216589861751152,0.0004608294930875576,0.29163787145818937,0.3568796068796069,0.61411591265088,0.6742064771732621,0.6642097019394665,0.6342193762380799,0.5842355000691022,0.528262772377574,0.5621228175243009,0.7317915879670153,0.004608294930875576,0.002304147465437788,0.0009216589861751152,0.0004608294930875576,0.11034323888504953,0.2966830466830467,0.5476826683866212,0.00014583637159107482,0.00014583637159107482,0.00014583637159107482,0.00014583637159107482,0.06985562199212483,0.2817558699139565,0.8668513927373487
2012-01-01,2012-11-02,2013-01-01,2013-07-01,DT,"DecisionTreeClassifier(class_weight=None, criterion='gini', max_depth=100,
            max_features=None, max_leaf_nodes=None,
            min_impurity_decrease=0.0, min_impurity_split=None,
            min_samples_leaf=1, min_samples_split=10,
            min_weight_fraction_leaf=0.0, presort=False, random_state=None,
            splitter='best')","{'criterion': 'gini', 'max_depth': 100, 'min_samples_split': 5}",0.5501634840456483,0.004608294930875576,0.002304147465437788,0.0009216589861751152,0.0004608294930875576,0.29163787145818937,0.3568796068796069,0.61411591265088,0.6742064771732621,0.6642097019394665,0.6342193762380799,0.5842355000691022,0.6154235960749989,0.6097572211728935,0.7054406412677938,0.004608294930875576,0.002304147465437788,0.0009216589861751152,0.0004608294930875576,0.3282653766413269,0.37607493857493857,0.5213305076937252,0.00014583637159107482,0.00014583637159107482,0.00014583637159107482,0.00014583637159107482,0.20781682951728161,0.35715327402654223,0.8251421904623013
2012-01-01,2012-11-02,2013-01-01,2013-07-01,DT,"DecisionTreeClassifier(class_weight=None, criterion='gini', max_depth=100,
            max_features=None, max_leaf_nodes=None,
            min_impurity_decrease=0.0, min_impurity_split=None,
            min_samples_leaf=1, min_samples_split=10,
            min_weight_fraction_leaf=0.0, presort=False, random_state=None,
            splitter='best')","{'criterion': 'gini', 'max_depth': 100, 'min_samples_split': 10}",0.54710095952476,0.004608294930875576,0.002304147465437788,0.0009216589861751152,0.0004608294930875576,0.29163787145818937,0.3568796068796069,0.61411591265088,0.6742064771732621,0.6642097019394665,0.6342193762380799,0.6005436034458931,0.6375362786198001,0.6052425484866633,0.5489012760860552,0.004608294930875576,0.002304147465437788,0.0009216589861751152,0.08202764976958525,0.3835521769177609,0.36855036855036855,0.36478393071040266,0.00014583637159107482,0.00014583637159107482,0.00014583637159107482,0.025958874143211318,0.24281755869913957,0.35000729181857954,0.5773661951290652
2012-01-01,2012-11-02,2013-01-01,2013-07-01,LR,"LogisticRegression(C=10, class_weight=None, dual=False, fit_intercept=True,
          intercept_scaling=1, max_iter=100, multi_class='ovr', n_jobs=1,
          penalty='l2', random_state=None, solver='liblinear', tol=0.0001,
          verbose=0, warm_start=False)","{'C': 1e-05, 'penalty': 'l1'}",0.3763036863211867,0.004608294930875576,0.002304147465437788,0.0009216589861751152,0.0004608294930875576,0.29163787145818937,0.3568796068796069,0.61411591265088,0.6754963836550422,0.6671580596121067,0.6431565854332704,0.6078223614502234,0.545492237527065,0.4987331275625374,0.4249781176578984,0.06912442396313365,0.07603686635944701,0.09032258064516129,0.1184331797235023,0.15342087076710437,0.19103194103194104,0.24085506311618907,0.002187545573866122,0.004812600262505469,0.014291964415925331,0.03747994749890623,0.09712702347965582,0.18142044625929707,0.38121627533906954
2012-01-01,2012-11-02,2013-01-01,2013-07-01,LR,"LogisticRegression(C=10, class_weight=None, dual=False, fit_intercept=True,
          intercept_scaling=1, max_iter=100, multi_class='ovr', n_jobs=1,
          penalty='l2', random_state=None, solver='liblinear', tol=0.0001,
          verbose=0, warm_start=False)","{'C': 1e-05, 'penalty': 'l2'}",0.418165049454243,0.004608294930875576,0.002304147465437788,0.0009216589861751152,0.0004608294930875576,0.29163787145818937,0.3568796068796069,0.61411591265088,0.6768784263140922,0.6708435067029069,0.6516331137421109,0.6204450177362141,0.5676970562491362,0.5230570783618188,0.4468143916708896,0.1382488479262673,0.16820276497695852,0.17511520737327188,0.1815668202764977,0.20893803271135683,0.23157248157248156,0.26269234313093154,0.004375091147732244,0.010646055126148461,0.027708910602304213,0.05745953040688348,0.13227358903310485,0.21992124835934082,0.4157794954061543
2012-01-01,2012-11-02,2013-01-01,2013-07-01,LR,"LogisticRegression(C=10, class_weight=None, dual=False, fit_intercept=True,
          intercept_scaling=1, max_iter=100, multi_class='ovr', n_jobs=1,
          penalty='l2', random_state=None, solver='liblinear', tol=0.0001,
          verbose=0, warm_start=False)","{'C': 0.001, 'penalty': 'l1'}",0.6202562988300191,0.004608294930875576,0.002304147465437788,0.0009216589861751152,0.0004608294930875576,0.29163787145818937,0.3568796068796069,0.61411591265088,0.6845257290275026,0.6852167503570277,0.6847100013820426,0.6834661629888976,0.6705210300824619,0.6475330538535956,0.5759893122034366,0.5207373271889401,0.5276497695852534,0.5059907834101383,0.4967741935483871,0.4660216539967749,0.43903562653562656,0.3918732147793237,0.016479509989791453,0.033396529094356135,0.08006416800350007,0.15721160857517866,0.29502697972874437,0.41694618637888287,0.6202420883768411
2012-01-01,2012-11-02,2013-01-01,2013-07-01,LR,"LogisticRegression(C=10, class_weight=None, dual=False, fit_intercept=True,
          intercept_scaling=1, max_iter=100, multi_class='ovr', n_jobs=1,
          penalty='l2', random_state=None, solver='liblinear', tol=0.0001,
          verbose=0, warm_start=False)","{'C': 0.001, 'penalty': 'l2'}",0.6421344503319129,0.004608294930875576,0.002304147465437788,0.0009216589861751152,0.0004608294930875576,0.29163787145818937,0.3568796068796069,0.61411591265088,0.6850785460911227,0.6859538397751878,0.6883033122955728,0.6848482056479477,0.6711659833233519,0.6528769521352559,0.5885198323121573,0.5483870967741935,0.5460829493087558,0.5419354838709678,0.5036866359447004,0.4676341856715043,0.44794226044226043,0.40440431217174977,0.017354528219337903,0.03456322006708473,0.08575178649555198,0.15939915414904476,0.29604783432988185,0.42540469593116526,0.6400758349132274
2012-01-01,2012-11-02,2013-01-01,2013-07-01,LR,"LogisticRegression(C=10, class_weight=None, dual=False, fit_intercept=True,
          intercept_scaling=1, max_iter=100, multi_class='ovr', n_jobs=1,
          penalty='l2', random_state=None, solver='liblinear', tol=0.0001,
          verbose=0, warm_start=False)","{'C': 0.1, 'penalty': 'l1'}",0.653107375343047,0.004608294930875576,0.002304147465437788,0.0009216589861751152,0.0004608294930875576,0.29163787145818937,0.3568796068796069,0.61411591265088,0.6859077716865527,0.6882572442069379,0.691988759386373,0.6920348274750081,0.6783526051504123,0.6566545354033261,0.5951536370755978,0.5898617511520737,0.6036866359447005,0.5788018433179724,0.53963133640553,0.4856023957613453,0.45423832923832924,0.4110384225559753,0.018667055563657577,0.038209129356861604,0.09158524135919498,0.1707743911331486,0.3074230713139857,0.4313839871663993,0.6505760536677847
2012-01-01,2012-11-02,2013-01-01,2013-07-01,LR,"LogisticRegression(C=10, class_weight=None, dual=False, fit_intercept=True,
          intercept_scaling=1, max_iter=100, multi_class='ovr', n_jobs=1,
          penalty='l2', random_state=None, solver='liblinear', tol=0.0001,
          verbose=0, warm_start=False)","{'C': 0.1, 'penalty': 'l2'}",0.644629293273015,0.004608294930875576,0.002304147465437788,0.0009216589861751152,0.0004608294930875576,0.29163787145818937,0.3568796068796069,0.61411591265088,0.6859077716865527,0.6882572442069379,0.692173031740913,0.6903763762841479,0.6766941539595522,0.6502971391716957,0.5894411940848574,0.5898617511520737,0.6036866359447005,0.5806451612903226,0.5313364055299539,0.48145588574061277,0.44364250614250617,0.40532571639178105,0.018667055563657577,0.038209129356861604,0.09187691410237714,0.16814933644450927,0.30479801662534634,0.42132127752661513,0.6415341986291381
2012-01-01,2012-11-02,2013-01-01,2013-07-01,LR,"LogisticRegression(C=10, class_weight=None, dual=False, fit_intercept=True,
          intercept_scaling=1, max_iter=100, multi_class='ovr', n_jobs=1,
          penalty='l2', random_state=None, solver='liblinear', tol=0.0001,
          verbose=0, warm_start=False)","{'C': 1, 'penalty': 'l1'}",0.6533047111040402,0.004608294930875576,0.002304147465437788,0.0009216589861751152,0.0004608294930875576,0.29163787145818937,0.3568796068796069,0.61411591265088,0.6858156355092827,0.6878886994978578,0.6933708020454231,0.6934168701340582,0.6800110563412723,0.6587736674805362,0.5956143179619477,0.5852534562211982,0.5944700460829493,0.5926267281105991,0.5465437788018433,0.48974890578207786,0.4577702702702703,0.411499124665991,0.0185212191920665,0.0376257838704973,0.09377278693306111,0.17296193670701474,0.31004812600262505,0.43473822371299403,0.6513052355257402
2012-01-01,2012-11-02,2013-01-01,2013-07-01,LR,"LogisticRegression(C=10, class_weight=None, dual=False, fit_intercept=True,
          intercept_scaling=1, max_iter=100, multi_class='ovr', n_jobs=1,
          penalty='l2', random_state=None, solver='liblinear', tol=0.0001,
          verbose=0, warm_start=False)","{'C': 1, 'penalty': 'l2'}",0.6467352588644698,0.004608294930875576,0.002304147465437788,0.0009216589861751152,0.0004608294930875576,0.29163787145818937,0.3568796068796069,0.61411591265088,0.6860920440410927,0.6885336527387479,0.692541576449993,0.691574146588658,0.6777076519095223,0.653245496844336,0.5901782835030175,0.5990783410138248,0.6105990783410138,0.584331797235023,0.5373271889400921,0.483989864086616,0.44855651105651106,0.40606283976780616,0.018958728306839725,0.038646638471634825,0.09246025958874143,0.17004520927519323,0.3064022167128482,0.42598804141752955,0.6427008896018667
2012-01-01,2012-11-02,2013-01-01,2013-07-01,LR,"LogisticRegression(C=10, class_weight=None, dual=False, fit_intercept=True,
          intercept_scaling=1, max_iter=100, multi_class='ovr', n_jobs=1,
          penalty='l2', random_state=None, solver='liblinear', tol=0.0001,
          verbose=0, warm_start=False)","{'C': 10, 'penalty': 'l1'}",0.6463133645531196,0.004608294930875576,0.002304147465437788,0.0009216589861751152,0.0004608294930875576,0.29163787145818937,0.3568796068796069,0.61411591265088,0.6859999078638227,0.6884415165614779,0.692357304095453,0.6921269636522781,0.6780761966186023,0.6541668586170359,0.5910075090984475,0.5944700460829493,0.6082949308755761,0.5824884792626728,0.5400921658986175,0.4849113107578899,0.45009213759213756,0.40689210356583433,0.01881289193524865,0.03850080210004375,0.09216858684555929,0.17092022750473967,0.30698556219921247,0.4274464051334403,0.6440134169461864
2012-01-01,2012-11-02,2013-01-01,2013-07-01,LR,"LogisticRegression(C=10, class_weight=None, dual=False, fit_intercept=True,
          intercept_scaling=1, max_iter=100, multi_class='ovr', n_jobs=1,
          penalty='l2', random_state=None, solver='liblinear', tol=0.0001,
          verbose=0, warm_start=False)","{'C': 10, 'penalty': 'l2'}",0.6464791171645481,0.004608294930875576,0.002304147465437788,0.0009216589861751152,0.0004608294930875576,0.29163787145818937,0.3568796068796069,0.61411591265088,0.6859999078638227,0.6884415165614779,0.692449440272723,0.6920348274750081,0.6777997880867923,0.6530612244897959,0.5908232367439075,0.5944700460829493,0.6082949308755761,0.5834101382488479,0.53963133640553,0.48422022575443446,0.4482493857493858,0.40670782272182804,0.01881289193524865,0.03850080210004375,0.09231442321715036,0.1707743911331486,0.3065480530844393,0.4256963686743474,0.6437217442030042
2012-01-01,2012-11-02,2013-01-01,2013-07-01,RF,"RandomForestClassifier(bootstrap=True, class_weight=None, criterion='gini',
            max_depth=50, max_features='sqrt', max_leaf_nodes=None,
            min_impurity_decrease=0.0, min_impurity_split=None,
            min_samples_leaf=1, min_samples_split=10,
            min_weight_fraction_leaf=0.0, n_estimators=100, n_jobs=-1,
            oob_score=False, random_state=None, verbose=0,
            warm_start=False)","{'max_depth': 5, 'max_features': 'sqrt', 'min_samples_split': 2, 'n_estimators': 10, 'n_jobs': -1}",0.6625342924161649,0.004608294930875576,0.002304147465437788,0.0009216589861751152,0.0004608294930875576,0.29163787145818937,0.3568796068796069,0.61411591265088,0.6831436863684526,0.6819919841525776,0.6795503754549224,0.6770166305799973,0.6686783065370617,0.6565623992260561,0.6084212466024784,0.45161290322580644,0.4470046082949309,0.4543778801843318,0.4645161290322581,0.46141442064040544,0.4540847665847666,0.4243066433244264,0.014291964415925331,0.028292256088668515,0.07189733119439988,0.1470030625638034,0.29211025229692283,0.4312381507948082,0.6715764911768995
2012-01-01,2012-11-02,2013-01-01,2013-07-01,RF,"RandomForestClassifier(bootstrap=True, class_weight=None, criterion='gini',
            max_depth=50, max_features='sqrt', max_leaf_nodes=None,
            min_impurity_decrease=0.0, min_impurity_split=None,
            min_samples_leaf=1, min_samples_split=10,
            min_weight_fraction_leaf=0.0, n_estimators=100, n_jobs=-1,
            oob_score=False, random_state=None, verbose=0,
            warm_start=False)","{'max_depth': 5, 'max_features': 'sqrt', 'min_samples_split': 2, 'n_estimators': 100, 'n_jobs': -1}",0.6747468167651921,0.004608294930875576,0.002304147465437788,0.0009216589861751152,0.0004608294930875576,0.29163787145818937,0.3568796068796069,0.61411591265088,0.6842493204956926,0.6835582991661676,0.6844335928502326,0.6849403418252177,0.6809324181139724,0.6679872852075367,0.6114617404523887,0.5069124423963134,0.4861751152073733,0.5032258064516129,0.504147465437788,0.4920525224602626,0.4731265356265356,0.4273472772505298,0.01604200087501823,0.030771474405716787,0.07962665888872685,0.15954499052063584,0.3115064897185358,0.4493218608721015,0.676389091439405
2012-01-01,2012-11-02,2013-01-01,2013-07-01,RF,"RandomForestClassifier(bootstrap=True, class_weight=None, criterion='gini',
            max_depth=50, max_features='sqrt', max_leaf_nodes=None,
            min_impurity_decrease=0.0, min_impurity_split=None,
            min_samples_leaf=1, min_samples_split=10,
            min_weight_fraction_leaf=0.0, n_estimators=100, n_jobs=-1,
            oob_score=False, random_state=None, verbose=0,
            warm_start=False)","{'max_depth': 5, 'max_features': 'sqrt', 'min_samples_split': 10, 'n_estimators': 10, 'n_jobs': -1}",0.6663121222432875,0.004608294930875576,0.002304147465437788,0.0009216589861751152,0.0004608294930875576,0.29163787145818937,0.3568796068796069,0.61411591265088,0.6843414566729626,0.6837425715207076,0.6824987331275625,0.6854931588888377,0.6767862901368222,0.6624591145713364,0.6095268807297185,0.511520737327189,0.49078341013824883,0.4838709677419355,0.5069124423963134,0.48168624740843125,0.4639127764127764,0.42541232838846404,0.016187837246609306,0.031063147148898934,0.07656409508531428,0.1604200087501823,0.30494385299693744,0.44057167857663704,0.6733265276359924
2012-01-01,2012-11-02,2013-01-01,2013-07-01,RF,"RandomForestClassifier(bootstrap=True, class_weight=None, criterion='gini',
            max_depth=50, max_features='sqrt', max_leaf_nodes=None,
            min_impurity_decrease=0.0, min_impurity_split=None,
            min_samples_leaf=1, min_samples_split=10,
            min_weight_fraction_leaf=0.0, n_estimators=100, n_jobs=-1,
            oob_score=False, random_state=None, verbose=0,
            warm_start=False)","{'max_depth': 5, 'max_features': 'sqrt', 'min_samples_split': 10, 'n_estimators': 100, 'n_jobs': -1}",0.6728840983850463,0.004608294930875576,0.002304147465437788,0.0009216589861751152,0.0004608294930875576,0.29163787145818937,0.3568796068796069,0.61411591265088,0.6836043672548026,0.6823605288616575,0.6841571843184227,0.6854010227115677,0.6780761966186023,0.6646703828258166,0.6103561063251486,0.47465437788018433,0.45622119815668205,0.5004608294930876,0.5064516129032258,0.4849113107578899,0.4675982800982801,0.4262415921864922,0.015021146273880705,0.028875601575032814,0.07918914977395362,0.16027417237859123,0.30698556219921247,0.4440717514948228,0.6746390549803121
2012-01-01,2012-11-02,2013-01-01,2013-07-01,RF,"RandomForestClassifier(bootstrap=True, class_weight=None, criterion='gini',
            max_depth=50, max_features='sqrt', max_leaf_nodes=None,
            min_impurity_decrease=0.0, min_impurity_split=None,
            min_samples_leaf=1, min_samples_split=10,
            min_weight_fraction_leaf=0.0, n_estimators=100, n_jobs=-1,
            oob_score=False, random_state=None, verbose=0,
            warm_start=False)","{'max_depth': 50, 'max_features': 'sqrt', 'min_samples_split': 2, 'n_estimators': 10, 'n_jobs': -1}",0.6275957032774884,0.004608294930875576,0.002304147465437788,0.0009216589861751152,0.0004608294930875576,0.29163787145818937,0.3568796068796069,0.61411591265088,0.6796425116321924,0.6837425715207076,0.6857234993320127,0.6784908094163173,0.654212926705671,0.5988851522550329,0.6103561063251486,0.2764976958525346,0.49078341013824883,0.5161290322580645,0.471889400921659,0.42524763879290484,0.35795454545454547,0.4262415921864922,0.008750182295464488,0.031063147148898934,0.08166836809100189,0.14933644450926062,0.2692139419571241,0.3399445821787954,0.6746390549803121
2012-01-01,2012-11-02,2013-01-01,2013-07-01,RF,"RandomForestClassifier(bootstrap=True, class_weight=None, criterion='gini',
            max_depth=50, max_features='sqrt', max_leaf_nodes=None,
            min_impurity_decrease=0.0, min_impurity_split=None,
            min_samples_leaf=1, min_samples_split=10,
            min_weight_fraction_leaf=0.0, n_estimators=100, n_jobs=-1,
            oob_score=False, random_state=None, verbose=0,
            warm_start=False)","{'max_depth': 50, 'max_features': 'sqrt', 'min_samples_split': 2, 'n_estimators': 100, 'n_jobs': -1}",0.6623655101400471,0.004608294930875576,0.002304147465437788,0.0009216589861751152,0.0004608294930875576,0.29163787145818937,0.3568796068796069,0.61411591265088,0.6860920440410927,0.6884415165614779,0.690053899663703,0.6886257889160179,0.6802874648730824,0.6601557101395863,0.6045515271571382,0.5990783410138248,0.6082949308755761,0.5594470046082949,0.5225806451612903,0.4904399907855333,0.46007371007371006,0.42043674560029487,0.018958728306839725,0.03850080210004375,0.08852267755578241,0.16537844538427884,0.3104856351173983,0.43692576928686017,0.6654513635700744
2012-01-01,2012-11-02,2013-01-01,2013-07-01,RF,"RandomForestClassifier(bootstrap=True, class_weight=None, criterion='gini',
            max_depth=50, max_features='sqrt', max_leaf_nodes=None,
            min_impurity_decrease=0.0, min_impurity_split=None,
            min_samples_leaf=1, min_samples_split=10,
            min_weight_fraction_leaf=0.0, n_estimators=100, n_jobs=-1,
            oob_score=False, random_state=None, verbose=0,
            warm_start=False)","{'max_depth': 50, 'max_features': 'sqrt', 'min_samples_split': 10, 'n_estimators': 10, 'n_jobs': -1}",0.6319233509564558,0.004608294930875576,0.002304147465437788,0.0009216589861751152,0.0004608294930875576,0.29163787145818937,0.3568796068796069,0.61411591265088,0.6850785460911227,0.6840189800525176,0.6826830054821026,0.6807942138480675,0.6690468512461418,0.6461510111945455,0.5841894319804671,0.5483870967741935,0.4976958525345622,0.4857142857142857,0.48341013824884793,0.46233586731167936,0.4367321867321867,0.4000737123376025,0.017354528219337903,0.03150065626367216,0.07685576782849643,0.1529823537990375,0.29269359778328713,0.4147586408050168,0.6332215254484469
2012-01-01,2012-11-02,2013-01-01,2013-07-01,RF,"RandomForestClassifier(bootstrap=True, class_weight=None, criterion='gini',
            max_depth=50, max_features='sqrt', max_leaf_nodes=None,
            min_impurity_decrease=0.0, min_impurity_split=None,
            min_samples_leaf=1, min_samples_split=10,
            min_weight_fraction_leaf=0.0, n_estimators=100, n_jobs=-1,
            oob_score=False, random_state=None, verbose=0,
            warm_start=False)","{'max_depth': 50, 'max_features': 'sqrt', 'min_samples_split': 10, 'n_estimators': 100, 'n_jobs': -1}",0.6733149442016293,0.004608294930875576,0.002304147465437788,0.0009216589861751152,0.0004608294930875576,0.29163787145818937,0.3568796068796069,0.61411591265088,0.6875662228774129,0.689915695397798,0.6895010826000829,0.691113465702308,0.6851706822683927,0.6691850555120468,0.6086055189570184,0.6728110599078341,0.6451612903225806,0.5539170506912442,0.5350230414746544,0.5026491591799125,0.4751228501228501,0.4244909241684327,0.021292110252296922,0.040834184045500946,0.08764765932623596,0.16931602741723786,0.31821496281172523,0.45121773370278545,0.6718681639200816
2012-01-01,2012-11-02,2013-01-01,2013-07-01,AB,"AdaBoostClassifier(algorithm='SAMME.R',
          base_estimator=DecisionTreeClassifier(class_weight=None, criterion='gini', max_depth=1,
            max_features=None, max_leaf_nodes=None,
            min_impurity_decrease=0.0, min_impurity_split=None,
            min_samples_leaf=1, min_samples_split=2,
            min_weight_fraction_leaf=0.0, presort=False, random_state=None,
            splitter='best'),
          learning_rate=1.0, n_estimators=10000, random_state=None)","{'algorithm': 'SAMME', 'n_estimators': 1}",0.6105479912144635,0.004608294930875576,0.002304147465437788,0.0009216589861751152,0.0004608294930875576,0.29163787145818937,0.3568796068796069,0.61411591265088,0.6741143409959921,0.6641175657621965,0.6341272400608099,0.5841433638918321,0.4841295434652416,0.4839913391993366,0.6824987331275625,0.0,0.0,0.0,0.0,0.0,0.16646191646191646,0.49838754261494517,0.0,0.0,0.0,0.0,0.0,0.1580866268047251,0.7888289339361236
2012-01-01,2012-11-02,2013-01-01,2013-07-01,AB,"AdaBoostClassifier(algorithm='SAMME.R',
          base_estimator=DecisionTreeClassifier(class_weight=None, criterion='gini', max_depth=1,
            max_features=None, max_leaf_nodes=None,
            min_impurity_decrease=0.0, min_impurity_split=None,
            min_samples_leaf=1, min_samples_split=2,
            min_weight_fraction_leaf=0.0, presort=False, random_state=None,
            splitter='best'),
          learning_rate=1.0, n_estimators=10000, random_state=None)","{'algorithm': 'SAMME', 'n_estimators': 10}",0.665636384259689,0.004608294930875576,0.002304147465437788,0.0009216589861751152,0.0004608294930875576,0.29163787145818937,0.3568796068796069,0.61411591265088,0.6792739669231124,0.6783986732390473,0.6518173860966509,0.654996084212466,0.6221495370157092,0.6279080480950845,0.6069470677661584,0.25806451612903225,0.35714285714285715,0.17695852534562212,0.3543778801843318,0.34508177839207554,0.40632678132678135,0.4228323965723763,0.00816683680910019,0.022604637596616597,0.028000583345486364,0.11214816975353653,0.21846288464343008,0.38588303922998396,0.6692431092314424
2012-01-01,2012-11-02,2013-01-01,2013-07-01,AB,"AdaBoostClassifier(algorithm='SAMME.R',
          base_estimator=DecisionTreeClassifier(class_weight=None, criterion='gini', max_depth=1,
            max_features=None, max_leaf_nodes=None,
            min_impurity_decrease=0.0, min_impurity_split=None,
            min_samples_leaf=1, min_samples_split=2,
            min_weight_fraction_leaf=0.0, presort=False, random_state=None,
            splitter='best'),
          learning_rate=1.0, n_estimators=10000, random_state=None)","{'algorithm': 'SAMME', 'n_estimators': 100}",0.6771891438815749,0.004608294930875576,0.002304147465437788,0.0009216589861751152,0.0004608294930875576,0.29163787145818937,0.3568796068796069,0.61411591265088,0.6854470908002027,0.6857695674206478,0.6881190399410329,0.6893628783341779,0.6853549546229327,0.6713963237665269,0.6081448380706684,0.5668202764976958,0.5414746543778802,0.5400921658986175,0.5262672811059907,0.5031098825155494,0.4788083538083538,0.424030222058417,0.0179378737057022,0.034271547323902585,0.08546011375236984,0.16654513635700743,0.3185066355549074,0.4547178066209713,0.6711389820621263
2012-01-01,2012-11-02,2013-01-01,2013-07-01,AB,"AdaBoostClassifier(algorithm='SAMME.R',
          base_estimator=DecisionTreeClassifier(class_weight=None, criterion='gini', max_depth=1,
            max_features=None, max_leaf_nodes=None,
            min_impurity_decrease=0.0, min_impurity_split=None,
            min_samples_leaf=1, min_samples_split=2,
            min_weight_fraction_leaf=0.0, presort=False, random_state=None,
            splitter='best'),
          learning_rate=1.0, n_estimators=10000, random_state=None)","{'algorithm': 'SAMME', 'n_estimators': 1000}",0.6776818744049311,0.004608294930875576,0.002304147465437788,0.0009216589861751152,0.0004608294930875576,0.29163787145818937,0.3568796068796069,0.61411591265088,0.6864605887501728,0.6877044271433178,0.6894089464228129,0.690099967752338,0.6851706822683927,0.672778366425577,0.6070392039434284,0.6175115207373272,0.5898617511520737,0.5529953917050692,0.5299539170506913,0.5026491591799125,0.4811117936117936,0.42292453699437943,0.019542073793204023,0.037334111127315155,0.08750182295464488,0.16771182732973602,0.31821496281172523,0.4569053521948374,0.6693889456030334
2012-01-01,2012-11-02,2013-01-01,2013-07-01,AB,"AdaBoostClassifier(algorithm='SAMME.R',
          base_estimator=DecisionTreeClassifier(class_weight=None, criterion='gini', max_depth=1,
            max_features=None, max_leaf_nodes=None,
            min_impurity_decrease=0.0, min_impurity_split=None,
            min_samples_leaf=1, min_samples_split=2,
            min_weight_fraction_leaf=0.0, presort=False, random_state=None,
            splitter='best'),
          learning_rate=1.0, n_estimators=10000, random_state=None)","{'algorithm': 'SAMME', 'n_estimators': 10000}",0.6731504191690862,0.004608294930875576,0.002304147465437788,0.0009216589861751152,0.0004608294930875576,0.29163787145818937,0.3568796068796069,0.61411591265088,0.6861841802183627,0.6877965633205878,0.6888561293591929,0.6906527848159579,0.6848942737365826,0.672133413184687,0.599484037407288,0.6036866359447005,0.5921658986175116,0.5474654377880185,0.5327188940092166,0.501958074176457,0.48003685503685506,0.4153690223901225,0.019104564678430802,0.03747994749890623,0.08662680472509844,0.1685868455592825,0.31777745369695204,0.45588449759369987,0.6574303631325653
2012-01-01,2012-11-02,2013-01-01,2013-07-01,AB,"AdaBoostClassifier(algorithm='SAMME.R',
          base_estimator=DecisionTreeClassifier(class_weight=None, criterion='gini', max_depth=1,
            max_features=None, max_leaf_nodes=None,
            min_impurity_decrease=0.0, min_impurity_split=None,
            min_samples_leaf=1, min_samples_split=2,
            min_weight_fraction_leaf=0.0, presort=False, random_state=None,
            splitter='best'),
          learning_rate=1.0, n_estimators=10000, random_state=None)","{'algorithm': 'SAMME.R', 'n_estimators': 1}",0.6105479912144635,0.004608294930875576,0.002304147465437788,0.0009216589861751152,0.0004608294930875576,0.29163787145818937,0.3568796068796069,0.61411591265088,0.6741143409959921,0.6641175657621965,0.6341272400608099,0.5841433638918321,0.4841295434652416,0.4839913391993366,0.6824987331275625,0.0,0.0,0.0,0.0,0.0,0.16646191646191646,0.49838754261494517,0.0,0.0,0.0,0.0,0.0,0.1580866268047251,0.7888289339361236
2012-01-01,2012-11-02,2013-01-01,2013-07-01,AB,"AdaBoostClassifier(algorithm='SAMME.R',
          base_estimator=DecisionTreeClassifier(class_weight=None, criterion='gini', max_depth=1,
            max_features=None, max_leaf_nodes=None,
            min_impurity_decrease=0.0, min_impurity_split=None,
            min_samples_leaf=1, min_samples_split=2,
            min_weight_fraction_leaf=0.0, presort=False, random_state=None,
            splitter='best'),
          learning_rate=1.0, n_estimators=10000, random_state=None)","{'algorithm': 'SAMME.R', 'n_estimators': 10}",0.6702998484185593,0.004608294930875576,0.002304147465437788,0.0009216589861751152,0.0004608294930875576,0.29163787145818937,0.3568796068796069,0.61411591265088,0.6836965034320726,0.6820841203298476,0.6858156355092827,0.6855852950661077,0.6685861703597917,0.6622748422167964,0.6063021145252684,0.4792626728110599,0.44930875576036866,0.5170506912442396,0.507373271889401,0.46118405897258696,0.4636056511056511,0.4221874136183544,0.015166982645471781,0.02843809246025959,0.08181420446259297,0.16056584512177338,0.2919644159253318,0.4402800058334549,0.6682222546303048
2012-01-01,2012-11-02,2013-01-01,2013-07-01,AB,"AdaBoostClassifier(algorithm='SAMME.R',
          base_estimator=DecisionTreeClassifier(class_weight=None, criterion='gini', max_depth=1,
            max_features=None, max_leaf_nodes=None,
            min_impurity_decrease=0.0, min_impurity_split=None,
            min_samples_leaf=1, min_samples_split=2,
            min_weight_fraction_leaf=0.0, presort=False, random_state=None,
            splitter='best'),
          learning_rate=1.0, n_estimators=10000, random_state=None)","{'algorithm': 'SAMME.R', 'n_estimators': 100}",0.674180176172301,0.004608294930875576,0.002304147465437788,0.0009216589861751152,0.0004608294930875576,0.29163787145818937,0.3568796068796069,0.61411591265088,0.6873819505228728,0.689639286865988,0.692080895563643,0.6937854148431382,0.6865527249274428,0.6711199152347169,0.6131201916432487,0.663594470046083,0.6382488479262672,0.5797235023041475,0.5483870967741935,0.5061045841971896,0.47834766584766586,0.4290058048465862,0.021000437509114775,0.040396674930727725,0.09173107773078606,0.17354528219337903,0.32040250838559137,0.454280297506198,0.6790141461280443
2012-01-01,2012-11-02,2013-01-01,2013-07-01,AB,"AdaBoostClassifier(algorithm='SAMME.R',
          base_estimator=DecisionTreeClassifier(class_weight=None, criterion='gini', max_depth=1,
            max_features=None, max_leaf_nodes=None,
            min_impurity_decrease=0.0, min_impurity_split=None,
            min_samples_leaf=1, min_samples_split=2,
            min_weight_fraction_leaf=0.0, presort=False, random_state=None,
            splitter='best'),
          learning_rate=1.0, n_estimators=10000, random_state=None)","{'algorithm': 'SAMME.R', 'n_estimators': 1000}",0.6722780377789856,0.004608294930875576,0.002304147465437788,0.0009216589861751152,0.0004608294930875576,0.29163787145818937,0.3568796068796069,0.61411591265088,0.6850785460911227,0.6861381121297278,0.6876583590546829,0.6860459759524578,0.6779840604413323,0.6627355231031464,0.6121066936932786,0.5483870967741935,0.5506912442396313,0.535483870967742,0.5096774193548387,0.4846809490900714,0.4643734643734644,0.4279922602045517,0.017354528219337903,0.03485489281026688,0.08473093189441447,0.16129502697972875,0.3068397258276214,0.44100918769141023,0.6774099460405425
2012-01-01,2012-11-02,2013-01-01,2013-07-01,AB,"AdaBoostClassifier(algorithm='SAMME.R',
          base_estimator=DecisionTreeClassifier(class_weight=None, criterion='gini', max_depth=1,
            max_features=None, max_leaf_nodes=None,
            min_impurity_decrease=0.0, min_impurity_split=None,
            min_samples_leaf=1, min_samples_split=2,
            min_weight_fraction_leaf=0.0, presort=False, random_state=None,
            splitter='best'),
          learning_rate=1.0, n_estimators=10000, random_state=None)","{'algorithm': 'SAMME.R', 'n_estimators': 10000}",0.6647676217721427,0.004608294930875576,0.002304147465437788,0.0009216589861751152,0.0004608294930875576,0.29163787145818937,0.3568796068796069,0.61411591265088,0.6833279587229926,0.6854010227115677,0.6888561293591929,0.689731423043258,0.6787211498594923,0.6652231998894366,0.6092504721979085,0.4608294930875576,0.532258064516129,0.5474654377880185,0.528110599078341,0.4865238424326192,0.468519656019656,0.42513590712245464,0.01458363715910748,0.03368820183753828,0.08662680472509844,0.16712848184337173,0.30800641680035,0.44494676972436925,0.6728890185212192
2012-01-01,2012-11-02,2013-01-01,2013-07-01,ET,"ExtraTreesClassifier(bootstrap=False, class_weight=None, criterion='gini',
           max_depth=50, max_features='sqrt', max_leaf_nodes=None,
           min_impurity_decrease=0.0, min_impurity_split=None,
           min_samples_leaf=1, min_samples_split=10,
           min_weight_fraction_leaf=0.0, n_estimators=100, n_jobs=-1,
           oob_score=False, random_state=None, verbose=0, warm_start=False)","{'criterion': 'gini', 'max_depth': 5, 'max_features': 'sqrt', 'min_samples_split': 2, 'n_estimators': 10, 'n_jobs': -1}",0.5979964734113778,0.004608294930875576,0.002304147465437788,0.0009216589861751152,0.0004608294930875576,0.29163787145818937,0.3568796068796069,0.61411591265088,0.6843414566729626,0.6820841203298476,0.6782604689731423,0.6688165108029668,0.6461049431059105,0.6230248306997742,0.563182383562906,0.511520737327189,0.44930875576036866,0.4414746543778802,0.4235023041474654,0.40497581202487903,0.3981879606879607,0.37906569612088825,0.016187837246609306,0.02843809246025959,0.06985562199212483,0.13402362549219776,0.2563803412571095,0.37815371153565697,0.5999708327256817
2012-01-01,2012-11-02,2013-01-01,2013-07-01,ET,"ExtraTreesClassifier(bootstrap=False, class_weight=None, criterion='gini',
           max_depth=50, max_features='sqrt', max_leaf_nodes=None,
           min_impurity_decrease=0.0, min_impurity_split=None,
           min_samples_leaf=1, min_samples_split=10,
           min_weight_fraction_leaf=0.0, n_estimators=100, n_jobs=-1,
           oob_score=False, random_state=None, verbose=0, warm_start=False)","{'criterion': 'gini', 'max_depth': 5, 'max_features': 'sqrt', 'min_samples_split': 2, 'n_estimators': 100, 'n_jobs': -1}",0.6107159043647303,0.004608294930875576,0.002304147465437788,0.0009216589861751152,0.0004608294930875576,0.29163787145818937,0.3568796068796069,0.61411591265088,0.6822223245957525,0.6813470309116875,0.6767862901368222,0.6701985534620168,0.6518173860966509,0.6331598101994749,0.5704611415672364,0.4055299539170507,0.4308755760368664,0.42672811059907834,0.4304147465437788,0.41925823542962454,0.4150798525798526,0.3863447894591357,0.012833600700014583,0.027271401487530992,0.06752224004666764,0.13621117106606387,0.26542219629575614,0.39419571241067525,0.6114919060813767
2012-01-01,2012-11-02,2013-01-01,2013-07-01,ET,"ExtraTreesClassifier(bootstrap=False, class_weight=None, criterion='gini',
           max_depth=50, max_features='sqrt', max_leaf_nodes=None,
           min_impurity_decrease=0.0, min_impurity_split=None,
           min_samples_leaf=1, min_samples_split=10,
           min_weight_fraction_leaf=0.0, n_estimators=100, n_jobs=-1,
           oob_score=False, random_state=None, verbose=0, warm_start=False)","{'criterion': 'gini', 'max_depth': 5, 'max_features': 'sqrt', 'min_samples_split': 10, 'n_estimators': 10, 'n_jobs': -1}",0.5914549608672404,0.004608294930875576,0.002304147465437788,0.0009216589861751152,0.0004608294930875576,0.29163787145818937,0.3568796068796069,0.61411591265088,0.6840650481411527,0.6822683926843875,0.6751278389459622,0.6640254295849265,0.6461049431059105,0.6227484221679642,0.5600497535357258,0.4976958525345622,0.4539170506912442,0.41013824884792627,0.39953917050691246,0.40497581202487903,0.3977272727272727,0.3759329217727817,0.01575032813183608,0.02872976520344174,0.0648971853580283,0.12644013416946187,0.2563803412571095,0.3777162024208838,0.5950123960915853
2012-01-01,2012-11-02,2013-01-01,2013-07-01,ET,"ExtraTreesClassifier(bootstrap=False, class_weight=None, criterion='gini',
           max_depth=50, max_features='sqrt', max_leaf_nodes=None,
           min_impurity_decrease=0.0, min_impurity_split=None,
           min_samples_leaf=1, min_samples_split=10,
           min_weight_fraction_leaf=0.0, n_estimators=100, n_jobs=-1,
           oob_score=False, random_state=None, verbose=0, warm_start=False)","{'criterion': 'gini', 'max_depth': 5, 'max_features': 'sqrt', 'min_samples_split': 10, 'n_estimators': 100, 'n_jobs': -1}",0.6136366091521408,0.004608294930875576,0.002304147465437788,0.0009216589861751152,0.0004608294930875576,0.29163787145818937,0.3568796068796069,0.61411591265088,0.6822223245957525,0.6807020776707975,0.6766941539595522,0.6699221449302069,0.6520937946284608,0.6347261252130649,0.5725802736444465,0.4055299539170507,0.4147465437788018,0.4258064516129032,0.4290322580645161,0.4199493204330799,0.4176904176904177,0.3884640191652078,0.012833600700014583,0.026250546886393465,0.06737640367507657,0.13577366195129065,0.2658597054105294,0.3966749307277235,0.6148461426279714
2012-01-01,2012-11-02,2013-01-01,2013-07-01,ET,"ExtraTreesClassifier(bootstrap=False, class_weight=None, criterion='gini',
           max_depth=50, max_features='sqrt', max_leaf_nodes=None,
           min_impurity_decrease=0.0, min_impurity_split=None,
           min_samples_leaf=1, min_samples_split=10,
           min_weight_fraction_leaf=0.0, n_estimators=100, n_jobs=-1,
           oob_score=False, random_state=None, verbose=0, warm_start=False)","{'criterion': 'gini', 'max_depth': 50, 'max_features': 'sqrt', 'min_samples_split': 2, 'n_estimators': 10, 'n_jobs': -1}",0.6045496332239806,0.004608294930875576,0.002304147465437788,0.0009216589861751152,0.0004608294930875576,0.29163787145818937,0.3568796068796069,0.61411591265088,0.6843414566729626,0.6783065370617773,0.6769705624913622,0.6648546551803566,0.6515409775648409,0.6153775279863638,0.564103745335606,0.511520737327189,0.3548387096774194,0.42857142857142855,0.40368663594470044,0.4185671504261691,0.38544226044226043,0.37998710034091954,0.016187837246609306,0.022458801225025523,0.06781391278984979,0.12775266151378153,0.26498468718098295,0.36604929269359776,0.6014291964415925
2012-01-01,2012-11-02,2013-01-01,2013-07-01,ET,"ExtraTreesClassifier(bootstrap=False, class_weight=None, criterion='gini',
           max_depth=50, max_features='sqrt', max_leaf_nodes=None,
           min_impurity_decrease=0.0, min_impurity_split=None,
           min_samples_leaf=1, min_samples_split=10,
           min_weight_fraction_leaf=0.0, n_estimators=100, n_jobs=-1,
           oob_score=False, random_state=None, verbose=0, warm_start=False)","{'criterion': 'gini', 'max_depth': 50, 'max_features': 'sqrt', 'min_samples_split': 2, 'n_estimators': 100, 'n_jobs': -1}",0.6287219479810991,0.004608294930875576,0.002304147465437788,0.0009216589861751152,0.0004608294930875576,0.29163787145818937,0.3568796068796069,0.61411591265088,0.6846178652047726,0.6839268438752476,0.6829594140139126,0.6814391670889575,0.6672962638780117,0.6435711982309854,0.5789376698760769,0.5253456221198156,0.49539170506912444,0.48847926267281105,0.48663594470046084,0.4579589956231283,0.43243243243243246,0.39482170828342394,0.016625346361382527,0.03135481989208108,0.07729327694326965,0.154003208400175,0.28992270672305676,0.41067522240046667,0.6249088522677556
2012-01-01,2012-11-02,2013-01-01,2013-07-01,ET,"ExtraTreesClassifier(bootstrap=False, class_weight=None, criterion='gini',
           max_depth=50, max_features='sqrt', max_leaf_nodes=None,
           min_impurity_decrease=0.0, min_impurity_split=None,
           min_samples_leaf=1, min_samples_split=10,
           min_weight_fraction_leaf=0.0, n_estimators=100, n_jobs=-1,
           oob_score=False, random_state=None, verbose=0, warm_start=False)","{'criterion': 'gini', 'max_depth': 50, 'max_features': 'sqrt', 'min_samples_split': 10, 'n_estimators': 10, 'n_jobs': -1}",0.6204147301609748,0.004608294930875576,0.002304147465437788,0.0009216589861751152,0.0004608294930875576,0.29163787145818937,0.3568796068796069,0.61411591265088,0.6839729119638827,0.6834661629888976,0.6846178652047726,0.6781222647072372,0.6654535403326116,0.6412677937992353,0.5729488183535265,0.4930875576036866,0.4838709677419355,0.5050691244239631,0.4700460829493088,0.45335176226675883,0.42859336609336607,0.3888325808532203,0.015604491760245006,0.03062563803412571,0.07991833163190899,0.14875309902289632,0.2870059792912352,0.4070293131106898,0.6154294881143357
2012-01-01,2012-11-02,2013-01-01,2013-07-01,ET,"ExtraTreesClassifier(bootstrap=False, class_weight=None, criterion='gini',
           max_depth=50, max_features='sqrt', max_leaf_nodes=None,
           min_impurity_decrease=0.0, min_impurity_split=None,
           min_samples_leaf=1, min_samples_split=10,
           min_weight_fraction_leaf=0.0, n_estimators=100, n_jobs=-1,
           oob_score=False, random_state=None, verbose=0, warm_start=False)","{'criterion': 'gini', 'max_depth': 50, 'max_features': 'sqrt', 'min_samples_split': 10, 'n_estimators': 100, 'n_jobs': -1}",0.6389466341996604,0.004608294930875576,0.002304147465437788,0.0009216589861751152,0.0004608294930875576,0.29163787145818937,0.3568796068796069,0.61411591265088,0.6864605887501728,0.6871516100796978,0.6858156355092827,0.6833740268116276,0.6706131662597319,0.6502050029944257,0.5874141981849174,0.6175115207373272,0.576036866359447,0.5170506912442396,0.4963133640552995,0.4662520156645934,0.44348894348894347,0.40329862710771214,0.019542073793204023,0.036459092897768705,0.08181420446259297,0.15706577220358758,0.2951728161003354,0.4211754411550241,0.6383257984541345
2012-01-01,2012-11-02,2013-01-01,2013-07-01,BG,"BaggingClassifier(base_estimator=None, bootstrap=True,
         bootstrap_features=False, max_features=100, max_samples=50,
         n_estimators=100, n_jobs=1, oob_score=False, random_state=None,
         verbose=0, warm_start=False)","{'max_features': 20, 'max_samples': 5, 'n_estimators': 10}",0.609348710477484,0.004608294930875576,0.002304147465437788,0.0009216589861751152,0.0004608294930875576,0.29163787145818937,0.3568796068796069,0.61411591265088,0.6803796010503524,0.6808863500253375,0.6648085870917215,0.6616298889759064,0.6458285345741005,0.5904086239461924,0.600221126825448,0.31336405529953915,0.41935483870967744,0.3069124423963134,0.38755760368663594,0.40428472702142365,0.34382678132678135,0.41610614576614763,0.009916873268193087,0.026542219629575616,0.04856351173982791,0.12264838850809393,0.2559428321423363,0.3265276359924165,0.6585970541052939
2012-01-01,2012-11-02,2013-01-01,2013-07-01,BG,"BaggingClassifier(base_estimator=None, bootstrap=True,
         bootstrap_features=False, max_features=100, max_samples=50,
         n_estimators=100, n_jobs=1, oob_score=False, random_state=None,
         verbose=0, warm_start=False)","{'max_features': 20, 'max_samples': 5, 'n_estimators': 100}",0.5516485746090529,0.004608294930875576,0.002304147465437788,0.0009216589861751152,0.0004608294930875576,0.29163787145818937,0.3568796068796069,0.61411591265088,0.6822223245957525,0.6807942138480675,0.672916570691482,0.6588658036578062,0.6297968397291196,0.5991615607868429,0.5359100750909844,0.4055299539170507,0.41705069124423966,0.3880184331797235,0.3737327188940092,0.364201796821009,0.3584152334152334,0.35179213120796093,0.012833600700014583,0.026396383257984542,0.0613971124398425,0.11827329736036167,0.2305673034854893,0.3403820912935686,0.5568032667347237
2012-01-01,2012-11-02,2013-01-01,2013-07-01,BG,"BaggingClassifier(base_estimator=None, bootstrap=True,
         bootstrap_features=False, max_features=100, max_samples=50,
         n_estimators=100, n_jobs=1, oob_score=False, random_state=None,
         verbose=0, warm_start=False)","{'max_features': 20, 'max_samples': 50, 'n_estimators': 10}",0.5711217075720503,0.004608294930875576,0.002304147465437788,0.0009216589861751152,0.0004608294930875576,0.29163787145818937,0.3568796068796069,0.61411591265088,0.6824987331275625,0.6799649882526374,0.671442391855162,0.6595107568986963,0.6332058782881098,0.6103100382365135,0.5495462293269452,0.41935483870967744,0.39631336405529954,0.37327188940092165,0.37695852534562213,0.3727251785302926,0.3769963144963145,0.3654289136644246,0.013271109814787808,0.025083855913664868,0.0590637304943853,0.1192941519614992,0.23596324923435905,0.3580282922560887,0.5783870497302027
2012-01-01,2012-11-02,2013-01-01,2013-07-01,BG,"BaggingClassifier(base_estimator=None, bootstrap=True,
         bootstrap_features=False, max_features=100, max_samples=50,
         n_estimators=100, n_jobs=1, oob_score=False, random_state=None,
         verbose=0, warm_start=False)","{'max_features': 20, 'max_samples': 50, 'n_estimators': 100}",0.6133410228874717,0.004608294930875576,0.002304147465437788,0.0009216589861751152,0.0004608294930875576,0.29163787145818937,0.3568796068796069,0.61411591265088,0.6834200949002626,0.6820841203298476,0.6791818307458424,0.672870502602847,0.6566084673146911,0.6349103975676049,0.5724881374671765,0.46543778801843316,0.44930875576036866,0.45069124423963136,0.44377880184331797,0.4312370421561852,0.417997542997543,0.38837187874320467,0.014729473530698556,0.02843809246025959,0.07131398570803558,0.14044042584220504,0.27300568761849203,0.3969666034709056,0.6147003062563804
2012-01-01,2012-11-02,2013-01-01,2013-07-01,BG,"BaggingClassifier(base_estimator=None, bootstrap=True,
         bootstrap_features=False, max_features=100, max_samples=50,
         n_estimators=100, n_jobs=1, oob_score=False, random_state=None,
         verbose=0, warm_start=False)","{'max_features': 100, 'max_samples': 5, 'n_estimators': 10}",0.5454978004241531,0.004608294930875576,0.002304147465437788,0.0009216589861751152,0.0004608294930875576,0.29163787145818937,0.3568796068796069,0.61411591265088,0.6786290136822223,0.6778458561754273,0.6553185608329111,0.6342654443267148,0.6173584557976689,0.5322706960888193,0.6580826461510112,0.22580645161290322,0.3433179723502304,0.2119815668202765,0.25069124423963135,0.33310297166551484,0.24692874692874692,0.473970330784115,0.007145982207962666,0.021729619367070147,0.03354236546594721,0.0793349861455447,0.2108793933206942,0.2345048855184483,0.7501822954644889
2012-01-01,2012-11-02,2013-01-01,2013-07-01,BG,"BaggingClassifier(base_estimator=None, bootstrap=True,
         bootstrap_features=False, max_features=100, max_samples=50,
         n_estimators=100, n_jobs=1, oob_score=False, random_state=None,
         verbose=0, warm_start=False)","{'max_features': 100, 'max_samples': 5, 'n_estimators': 100}",0.596414757658742,0.004608294930875576,0.002304147465437788,0.0009216589861751152,0.0004608294930875576,0.29163787145818937,0.3568796068796069,0.61411591265088,0.6800110563412723,0.6770166305799973,0.671995208918782,0.6629197954576864,0.63652278066983,0.6040447781821532,0.5873220620076472,0.29493087557603687,0.3225806451612903,0.37880184331797234,0.39400921658986177,0.38101819857175767,0.36655405405405406,0.403206486685709,0.009333527781828789,0.020417092022750473,0.05993874872393175,0.12469009771036897,0.24121335861163773,0.3481114189878956,0.6381799620825434
2012-01-01,2012-11-02,2013-01-01,2013-07-01,BG,"BaggingClassifier(base_estimator=None, bootstrap=True,
         bootstrap_features=False, max_features=100, max_samples=50,
         n_estimators=100, n_jobs=1, oob_score=False, random_state=None,
         verbose=0, warm_start=False)","{'max_features': 100, 'max_samples': 50, 'n_estimators': 10}",0.6102534999501603,0.004608294930875576,0.002304147465437788,0.0009216589861751152,0.0004608294930875576,0.29163787145818937,0.3568796068796069,0.61411591265088,0.6818537798866725,0.6778458561754273,0.6766941539595522,0.6702906896392868,0.6475791219422307,0.5885659004007924,0.598931220343668,0.3870967741935484,0.3433179723502304,0.4258064516129032,0.4308755760368664,0.40866159870997465,0.34075552825552824,0.41481617985810376,0.012250255213650285,0.021729619367070147,0.06737640367507657,0.13635700743765494,0.25871372320256675,0.323610908560595,0.6565553449030188
2012-01-01,2012-11-02,2013-01-01,2013-07-01,BG,"BaggingClassifier(base_estimator=None, bootstrap=True,
         bootstrap_features=False, max_features=100, max_samples=50,
         n_estimators=100, n_jobs=1, oob_score=False, random_state=None,
         verbose=0, warm_start=False)","{'max_features': 100, 'max_samples': 50, 'n_estimators': 100}",0.6433736224723536,0.004608294930875576,0.002304147465437788,0.0009216589861751152,0.0004608294930875576,0.29163787145818937,0.3568796068796069,0.61411591265088,0.6839729119638827,0.6826369373934675,0.6803796010503524,0.6759109964527572,0.6696918044870318,0.6517713180080158,0.5927580964665776,0.4930875576036866,0.4631336405529954,0.4626728110599078,0.4589861751152074,0.46394839898640866,0.4460995085995086,0.40864277158389384,0.015604491760245006,0.02931311068980604,0.07320985853871956,0.14525302610471053,0.2937144523844247,0.4236546594720723,0.6467843080064168
